{
    "placeable" : {
        "placeable.filename": "placeable.base.filename",
        "placeable.dayNightObjects": "Visiblity Condition-Tab in GIANTS Editor / Exporter",
        "placeable.leveling.rampAreas.rampArea": "placeable.leveling.levelAreas.levelArea",
        "placeable.placement#sizeX" : false,
        "placeable.placement#sizeZ" : false,
        "placeable.placement#sizeOffsetX" : false,
        "placeable.placement#sizeOffsetZ" : false,
        "placeable.placement#testSizeX": "placeable.placement.testAreas.testArea",
        "placeable.placement#testSizeZ": "placeable.placement.testAreas.testArea",
        "placeable.placement#testSizeOffsetX": "placeable.placement.testAreas.testArea",
        "placeable.placement#testSizeOffsetZ": "placeable.placement.testAreas.testArea"
    },
    "vehicle": {
        ".areaMarkers#backIndex": ".areaMarkers#backNode",
        ".areaMarkers#leftIndex": ".areaMarkers#leftNode",
        ".areaMarkers#rightIndex": ".areaMarkers#rightNode",
        ".collisionTrigger#index": ".collisionTrigger#node",
        ".forceTurnNoBackward#value": ".allowTurnBackward#value (inverted)",
        ".needsLowering#lowerIfAnyIsLowered": ".allowTurnBackward#lowerIfAnyIsLowered",
        ".sizeMarkers#backIndex": ".sizeMarkers#backNode",
        ".sizeMarkers#leftIndex": ".sizeMarkers#leftNode",
        ".sizeMarkers#rightIndex": ".sizeMarkers#rightNode",
        ".toolReverserDirectionNode#index": ".toolReverserDirectionNode#node",
        ".trafficCollisionTrigger#index": ".collisionTrigger#node",
        ".trafficCollisionTrigger#node": ".collisionTrigger#node",
        ".turnedOnRotationNodes.turnedOnRotationNode#type": ".woodCrusher.animationNodes.animationNode",
        ".turnedOnScrollers.turnedOnScroller": ".woodCrusher.animationNodes.animationNode",
        ".turningRadiusLimiation": ".turningRadiusLimitation",
        ".woodCrusher.emitterShape(0)": ".woodCrusher.crushEffects with effectClass 'ParticleEffect'",
        ".woodCrusher.moveCollision(0)#index": ".woodCrusher.moveCollisions.collision#node",
        ".woodCrusher.moveTrigger(0)#index": ".woodCrusher.moveTriggers.trigger#node",
        ".woodCrusherIdleSound": ".woodCrusher.sounds.idle",
        ".woodCrusherStartSound": ".woodCrusher.sounds.start",
        ".woodCrusherStopSound": ".woodCrusher.sounds.stop",
        ".woodCrusherWorkSound": ".woodCrusher.sounds.work",
        "#collisionActive":  "#compoundChildActive or #rigidBodyTypeActive",
        "#collisionInactive":  "#compoundChildInactive or #rigidBodyTypeInactive",
        "#configIndex": "#configId",
        "#controlAxisIcon": "#iconName",
        "#downForce": ".downForceNodes.downForceNode#force",
        "#downForceNode": ".downForceNodes.downForceNode#node",
        "#downForceSizeY": ".downForceNodes.downForceNode#sizeY",
        "#downForceSizeZ": ".downForceNodes.downForceNode#sizeZ",
        "#externalSoundFile": "vehicle.base.sounds#filename",
        "vehicle.ackermannSteering": "vehicle.wheels.ackermannSteeringConfigurations.ackermannSteering",
        "vehicle.ackermannSteeringConfigurations": "vehicle.wheels.ackermannSteeringConfigurations",
        "vehicle.aiLookAheadSize#value": ".lookAheadSize#value",
        "vehicle.aiPlough#rotateEarly": "vehicle.plow.ai#rotateCompletelyHeadlandPos",
        "vehicle.allowsLowering": "vehicle.inputAttacherJoints.inputAttacherJoint#allowsLowering",
        "vehicle.animation": "vehicle.windrowers.windrower",
        "vehicle.animTimeCenterPosition#value": "vehicle.plow.ai#centerPosition",
        "vehicle.articulatedAxis.rotatingPart(0)#index": "vehicle.articulatedAxis.rotatingPart(0)#node",
        "vehicle.attachable.steeringAxleAngleScale#targetNode": "vehicle.attachable.steeringAxleAngleScale.targetNode#node",
        "vehicle.attachable.toolCameras.toolCamera1": "vehicle.attachable.toolCamera",
        "vehicle.attachable.toolCameras.toolCamera2": "vehicle.attachable.toolCamera",
        "vehicle.attachable.toolCameras.toolCamera3": "vehicle.attachable.toolCamera",
        "vehicle.attachable.toolCameras#count": "vehicle.attachable.toolCameras",
        "vehicle.attacherJoint": "vehicle.inputAttacherJoints.inputAttacherJoint",
        "vehicle.attacherJointControl.control1": "vehicle.attacherJointControl.control with #controlFunction 'controlAttacherJointHeight'",
        "vehicle.attacherJointControl.control2": "vehicle.attacherJointControl.control with #controlFunction 'controlAttacherJointTilt'",
        "vehicle.attachRootNode#index": "vehicle.attacherJoint#rootNode",
        "vehicle.baleGrabber": "vehicle.<specialization>.grabber",
        "vehicle.baleLoader.animations#grabberDropBaleReverseSpeed": "vehicle.baleLoader.animations.baleGrabber#dropBaleReverseSpeed",
        "vehicle.baleLoader.animations#grabberDropToWork": "vehicle.baleLoader.animations.baleGrabber#dropToWork",
        "vehicle.baleLoader.animations#rotatePlatform": "vehicle.baleLoader.animations.platform#rotate",
        "vehicle.baleLoader.animations#rotatePlatformBack": "vehicle.baleLoader.animations.platform#rotateBack",
        "vehicle.baleLoader.animations#rotatePlatformEmpty": "vehicle.baleLoader.animations.platform#rotateEmpty",
        "vehicle.baleLoader.grabber.grabParticleSystem": "vehicle.baleLoader.grabber.effectNode",
        "vehicle.baleLoader#alwaysMoveBalePlaces": "vehicle.baleLoader.animations.moveBalePlaces#alwaysMove",
        "vehicle.baleLoader#moveBalePlacesAfterRotatePlatform": "vehicle.baleLoader.animations.moveBalePlaces#moveAfterRotatePlatform",
        "vehicle.baleLoader#moveBalePlacesMaxGrabberTime": "vehicle.baleLoader.animations.moveBalePlaces#maxGrabberTime",
        "vehicle.baleLoader#pickupRange": "vehicle.baleLoader.grabber#pickupRange",
        "vehicle.baleLoader#resetEmptyRotateAnimation": "vehicle.baleLoader.animations.emptyRotate#reset",
        "vehicle.baleLoader#rotatePlatformAnimName": "vehicle.baleLoader.animations#rotatePlatform",
        "vehicle.baleLoader#rotatePlatformBackAnimName": "vehicle.baleLoader.animations#rotatePlatformBack",
        "vehicle.baleLoader#rotatePlatformEmptyAnimName": "vehicle.baleLoader.animations#rotatePlatformEmpty",
        "vehicle.baleLoader#textAbortUnloading": "vehicle.baleLoader.texts#abortUnloading",
        "vehicle.baleLoader#textLowering": "vehicle.baleLoader.texts#lowering",
        "vehicle.baleLoader#textLowerPlattform": "vehicle.baleLoader.texts#lowerPlattform",
        "vehicle.baleLoader#textOperatingPosition": "vehicle.baleLoader.texts#operatingPosition",
        "vehicle.baleLoader#textTilting": "vehicle.baleLoader.texts#tilting",
        "vehicle.baleLoader#textTransportPosition": "vehicle.baleLoader.texts#transportPosition",
        "vehicle.baleLoader#textUnload": "vehicle.baleLoader.texts#unload",
        "vehicle.baleLoader#textUnloadHere": "vehicle.baleLoader.texts#unloadHere",
        "vehicle.baleloaderTurnedOnScrollers.baleloaderTurnedOnScroller": "vehicle.baleLoader.animationNodes.animationNode",
        "vehicle.balePlaces": "vehicle.baleLoader.balePlaces",
        "vehicle.baler.baleAnimation#baleDropAnimTime": "vehicle.baler.baleTypes.baleType#dropAnimationTime",
        "vehicle.baler.baleAnimation#baleNode": "vehicle.baler.baleTypes.baleType#baleNode",
        "vehicle.baler.baleAnimation#baleScaleComponent": "vehicle.baler.baleTypes.baleType#scaleComponents",
        "vehicle.baler.baleAnimation#firstBaleMarker": "Please adjust bale nodes to match the default balers",
        "vehicle.baler.baleAnimation#node": "vehicle.baler.baleTypes.baleType#baleNode",
        "vehicle.baler.baleAnimation#scaleNode": "vehicle.baler.baleTypes.baleType#scaleNode",
        "vehicle.baler.baleAnimation#unloadAnimationName": "vehicle.baler.baleTypes.baleType#unloadAnimation",
        "vehicle.baler.baleAnimation#unloadAnimationSpeed": "vehicle.baler.baleTypes.baleType#unloadAnimationSpeed",
        "vehicle.baler.balerAlarm": "vehicle.fillUnit.fillUnitConfigurations.fillUnitConfiguration.fillUnits.fillUnit.alarmTriggers.alarmTrigger.alarmSound",
        "vehicle.baler.balingAnimation#name": "vehicle.turnOnVehicle.turnedOnAnimation#name",
        "vehicle.baler.fillParticleSystems": "vehicle.baler.fillEffect with effectClass 'ParticleEffect'",
        "vehicle.baler.uvScrollParts.uvScrollPart": "vehicle.baler.animationNodes.animationNode",
        "vehicle.baler#toggleAutomaticDropTextNeg": "vehicle.baler.automaticDrop#textNeg",
        "vehicle.baler#toggleAutomaticDropTextPos": "vehicle.baler.automaticDrop#textPos",
        "vehicle.baleTypes": "vehicle.baleLoader.baleTypes",
        "vehicle.baleWrapper.grabber#index": "vehicle.baleWrapper.grabber#node",
        "vehicle.baleWrapper.roundBaleWrapper#baleIndex": "vehicle.baleWrapper.roundBaleWrapper#baleNode",
        "vehicle.baleWrapper.roundBaleWrapper#wrapperIndex": "vehicle.baleWrapper.roundBaleWrapper#wrapperNode",
        "vehicle.baleWrapper.squareBaleWrapper#baleIndex": "vehicle.baleWrapper.squareBaleWrapper#baleNode",
        "vehicle.baleWrapper.squareBaleWrapper#wrapperIndex": "vehicle.baleWrapper.squareBaleWrapper#wrapperNode",
        "vehicle.base.components.component1": "vehicle.base.components.component",
        "vehicle.base.forcedMapHotspotType": "vehicle.base.mapHotspot#type",
        "vehicle.base.schemaOverlay.default#name": "vehicle.base.schemaOverlay#name",
        "vehicle.base.schemaOverlay.selected#name": false,
        "vehicle.base.schemaOverlay.turnedOn#name": false,
        "vehicle.base.schemaOverlay.turnedOnSelected#name": false,
        "vehicle.brakeForce": "vehicle.attachable.brakeForce#force",
        "vehicle.brakeLights.brakeLight#decoration": "vehicle.lights.brakeLights.brakeLight#node",
        "vehicle.brakeLights.brakeLight#realLight": "vehicle.lights.realLights.high.brakeLight#node",
        "vehicle.cameras.camera1": "vehicle.enterable.cameras.camera",
        "vehicle.characterNode": "vehicle.enterable.characterNode",
        "vehicle.characterNode#index": "vehicle.enterable.characterNode#node",
        "vehicle.combine.chopperSwitch": "vehicle.combine.swath and vehicle.combine.chopper",
        "vehicle.combine.folding#fillLevelThreshold": "vehicle.combine.folding#fillLevelThresholdPct",
        "vehicle.components.component": "vehicle.base.components.component",
        "vehicle.components": "vehicle.base.components",
        "vehicle.cover#animationName": "vehicle.cover.coverConfigurations.coverConfiguration.cover#openAnimation",
        "vehicle.cruiseControl": "vehicle.drivable.cruiseControl",
        "vehicle.cultivator.directionNode#index": "vehicle.cultivator.directionNode#node",
        "vehicle.cutter.reelspikes": "vehicle.cutter.rotationNodes.rotationNode or vehicle.turnOnVehicle.turnedOnAnimation",
        "vehicle.cutter.testAreas": "vehicle.workAreas.workArea.testAreas",
        "vehicle.cutter.threshingParticleSystems.emitterShape": "vehicle.cutter.fillEffect.effectNode",
        "vehicle.cutter.threshingParticleSystems.threshingParticleSystem": "vehicle.cutter.fillEffect.effectNode",
        "vehicle.cutter.turnedOnScrollers": "vehicle.cutter.animationNodes.animationNode",
        "vehicle.cutter#convertedFillTypeCategories": "vehicle.cutter#fruitTypeConverter",
        "vehicle.cutter#startAnimationName": "vehicle.turnOnVehicle.turnOnAnimation#name",
        "vehicle.cylindered.movingParts.sounds": "vehicle.cylindered.sounds",
        "vehicle.cylindered.movingParts#isActiveDirtyTimeOffset": false,
        "vehicle.cylinderedHydraulicSound": "vehicle.cylindered.sounds.hydraulic",
        "vehicle.differentialConfigurations": "vehicle.motorized.differentialConfigurations",
        "vehicle.driveGroundParticleSystems": "vehicle.wheels.wheelConfigurations.wheelConfiguration.wheels.wheel#hasParticles",
        "vehicle.dynamicallyLoadedWheels": "vehicle.wheels.dynamicallyLoadedWheels",
        "vehicle.dynamicMount#triggerIndex": "vehicle.dynamicMount#triggerNode",
        "vehicle.dynamicMountAttacher#index": "vehicle.dynamicMountAttacher#node",
        "vehicle.enterable.cameras.camera1": "vehicle.enterable.cameras.camera",
        "vehicle.enterable.characterNode#index": "vehicle.enterable.characterNode#node",
        "vehicle.enterable.enterReferenceNode#index": "vehicle.enterable.enterReferenceNode#node",
        "vehicle.enterable.exitPoint#index": "vehicle.enterable.exitPoint#node",
        "vehicle.enterable.nicknameRenderNode#index": "vehicle.enterable.nicknameRenderNode#node",
        "vehicle.enterAnimation": "vehicle.enterable.enterAnimation",
        "vehicle.enterReferenceNode": "vehicle.enterable.enterReferenceNode",
        "vehicle.enterReferenceNode#index": "vehicle.enterable.enterReferenceNode#node",
        "vehicle.exitPoint": "vehicle.enterable.exitPoint",
        "vehicle.exitPoint#index": "vehicle.enterable.exitPoint#node",
        "vehicle.filename": "vehicle.base.filename",
        "vehicle.fillAutoAimTargetNode": "vehicle.fillUnit.fillUnitConfigurations.fillUnitConfiguration.fillUnits.fillUnit.autoAimTargetNode",
        "vehicle.fillPlanes.fillPlane": "vehicle.fillUnit.fillUnitConfigurations.fillUnitConfiguration.fillUnits.fillUnit.fillPlane",
        "vehicle.fillScale#value": "vehicle.baler#fillScale",
        "vehicle.foldable.foldingParts": "vehicle.foldable.foldingConfigurations.foldingConfiguration.foldingParts",
        "vehicle.foldable.foldingParts#closeCoverOnFold": "vehicle.cover.coverConfigurations.coverConfiguration.cover#closeCoverIfNotAllowed",
        "vehicle.foldable.foldingParts#onlyFoldOnDetach": "vehicle.attachable#allowFoldingWhileAttached",
        "vehicle.foldable.foldingParts#onlyFoldOnEmpty": "vehicle.fillUnit#allowFoldingWhileFilled",
        "vehicle.foldable.foldingParts#turnOffOnFold": "vehicle.turnOnVehicle#turnOffIfNotAllowed",
        "vehicle.foldingParts": "vehicle.foldable.foldingConfigurations.foldingConfiguration.foldingParts",
        "vehicle.forageWagon#turnedOnTipScrollerSpeedFactor": false,
        "vehicle.forcedMapHotspotType": "vehicle.base.mapHotspot#type",
        "vehicle.forceSelectionOnAttach#value": "vehicle.inputAttacherJoints.inputAttacherJoint#forceSelectionOnAttach",
        "vehicle.fruitPreparer#onlyActiveWhenLowered": false,
        "vehicle.fruitPreparer#useReelStateToTurnOn": false,
        "vehicle.fuelCapacity": "vehicle.motorized.consumerConfigurations.consumerConfiguration.consumer#capacity",
        "vehicle.grabParticleSystem": "vehicle.baleLoader.grabber.grabParticleSystem",
        "vehicle.groundParticleAnimations.groundParticle": "vehicle.workParticles.particle",
        "vehicle.groundParticleAnimations.groundParticleAnimation": "vehicle.workParticles.particleAnimation",
        "vehicle.hubColor": "vehicle.wheels.hubs.color0",
        "vehicle.indoorHud.cruiseControl": "vehicle.drivable.dashboards.dashboard with valueType 'cruiseControl'",
        "vehicle.indoorHud.fuel": "fillUnit.dashboard with valueType 'fillLevel'",
        "vehicle.indoorHud.fuelUsage": "vehicle.motorized.dashboards.dashboard with valueType 'fuelUsage'",
        "vehicle.indoorHud.operatingTime": "vehicle.enterable.dashboards.dashboard with valueType 'operatingTime'",
        "vehicle.indoorHud.rpm": "vehicle.motorized.dashboards.dashboard with valueType 'rpm'",
        "vehicle.indoorHud.speed": "vehicle.motorized.dashboards.dashboard with valueType 'speed'",
        "vehicle.indoorHud.time": "vehicle.enterable.dashboards.dashboard with valueType 'time'",
        "vehicle.indoorHud.workedHectars": "vehicle.combine.dashboards.dashboard with valueType 'workedHectars'",
        "vehicle.inputAttacherJointConfigurations": "vehicle.attachable.inputAttacherJointConfigurations",
        "vehicle.inputAttacherJoints": "vehicle.attachable.inputAttacherJoints",
        "vehicle.isDefaultLowered": "vehicle.inputAttacherJoints.inputAttacherJoint#isDefaultLowered",
        "vehicle.leveler.levelerNode(0)#maxDropHeight": false,
        "vehicle.leveler.levelerNode(0)#minDropHeight": false,
        "vehicle.leveler.levelerNode#index": "vehicle.leveler.levelerNode#node",
        "vehicle.levelerEffects": "vehicle.leveler.effects",
        "vehicle.lights.high.light#decoration": "vehicle.lights.defaultLights#node",
        "vehicle.lights.high.light#realLight": "vehicle.lights.realLights.high.light#node",
        "vehicle.lights.low.light#decoration": "vehicle.lights.defaultLights#node",
        "vehicle.lights.low.light#realLight": "vehicle.lights.realLights.low.light#node",
        "vehicle.lowerAnimation": "vehicle.attachable.lowerAnimation",
        "vehicle.manureBarrel#toolAttachAnimName": "vehicle.attacherJoints.attacherJoint.objectChange",
        "vehicle.maxRotatedTimeSpeed#value": false,
        "vehicle.measurementNodes.measurementNode": "vehicle.fillUnit.fillUnitConfigurations.fillUnitConfiguration.fillUnits.fillUnit.measurementNodes.measurementNode",
        "vehicle.mirrors.mirror(0)#index": "vehicle.enterable.mirrors.mirror(0)#node",
        "vehicle.mixerWagon.baleTrigger#index": "vehicle.mixerWagon.baleTrigger#node",
        "vehicle.mixerWagon.baleTrigger#node": "vehicle.mixerWagon.baleTriggers.baleTrigger#node",
        "vehicle.mixerWagonBaleTrigger#index": "vehicle.mixerWagon.baleTrigger#node",
        "vehicle.mixerWagonPickupSound": "vehicle.turnOnVehicle.sounds.work",
        "vehicle.mixerWagonPickupStartSound": "vehicle.turnOnVehicle.sounds.start",
        "vehicle.mixerWagonPickupStopSound": "vehicle.turnOnVehicle.sounds.stop",
        "vehicle.mixerWagonRotatingParts.mixerWagonRotatingPart#type": "vehicle.mixerWagon.(mixAnimationNodes|pickupAnimationNodes).animationNode",
        "vehicle.mixerWagonRotatingParts.mixerWagonScroller": "vehicle.mixerWagon.pickupAnimationNodes.pickupAnimationNode",
        "vehicle.motor": "vehicle.motorized.motorConfigurations.motorConfiguration(?).motor",
        "vehicle.motorConfigurations": "vehicle.motorized.motorConfigurations",
        "vehicle.motorized.exhaustFlap#index": "vehicle.motorized.exhaustFlap#node",
        "vehicle.motorized.exhaustParticleSystems.exhaustParticleSystem1": "vehicle.motorized.exhaustParticleSystems.exhaustParticleSystem",
        "vehicle.motorized.exhaustParticleSystems#count": false,
        "vehicle.motorized.motorConfigurations.motorConfiguration(?).fuelCapacity": "vehicle.motorized.consumerConfigurations.consumerConfiguration.consumer#capacity",
        "vehicle.movingParts": "vehicle.cylindered.movingParts",
        "vehicle.movingTools": "vehicle.cylindered.movingTools",
        "vehicle.mowerEffects.mowerEffect": "vehicle.mower.dropEffects.dropEffect",
        "vehicle.mowerEffects.mowerEffect#mowerCutArea": "vehicle.mower.dropEffects.dropEffect#dropAreaIndex",
        "vehicle.mowerSound": "vehicle.turnOnVehicle.sounds.work",
        "vehicle.mowerStartSound": "vehicle.turnOnVehicle.sounds.start",
        "vehicle.mowerStopSound": "vehicle.turnOnVehicle.sounds.stop",
        "vehicle.needsActivation#value": "vehicle.sowingMachine.needsActivation#value",
        "vehicle.needsLowering": "vehicle.inputAttacherJoints.inputAttacherJoint#needsLowering",
        "vehicle.nicknameRenderNode": "vehicle.enterable.nicknameRenderNode",
        "vehicle.onlyActiveWhenLowered#value": "vehicle.<specialization>#onlyActiveWhenLowered",
        "vehicle.overloading.trailerTriggers.trailerTrigger(0)#index": ".unloadingTriggers.unloadingTrigger(0)#node",
        "vehicle.pipe.node#node": ".node#node",
        "vehicle.pipe#animName": ".animation#name",
        "vehicle.pipe#animSpeedScale": ".animation#speedScale",
        "vehicle.pipe#autoAimingStates": ".states#autoAiming",
        "vehicle.pipe#effectExtraDistanceOnTrailer": ".raycast#extraDistance",
        "vehicle.pipe#numStates": ".states#num",
        "vehicle.pipe#raycastDistance": ".raycast#maxDistance",
        "vehicle.pipe#raycastNodeIndex": ".raycast#node",
        "vehicle.pipe#turnOnAllowed": ".states#turnOnAllowed",
        "vehicle.pipe#unloadingStates": ".states#unloading",
        "vehicle.pipeEffect.effectNode": ".pipeEffect.effectNode",
        "vehicle.pipeEffect": "vehicle.dischargeable.dischargeNode.effects",
        "vehicle.ploughDirectionNode#index": "vehicle.plow.directionNode#node",
        "vehicle.receivingHopper.boxTrigger.box(0)": "vehicle.receivingHopper.boxes.box(0)",
        "vehicle.receivingHopper.boxTrigger#boxSpawnPlaceIndex": "vehicle.receivingHopper.boxes#spawnPlaceNode",
        "vehicle.receivingHopper.boxTrigger#index": "Dischargeable functionalities",
        "vehicle.receivingHopper.boxTrigger#litersPerMinute": "Dischargeable functionalities",
        "vehicle.receivingHopper.fillEffect": "Dischargeable functionalities",
        "vehicle.receivingHopper.fillScrollerNodes.fillScrollerNode": "Dischargeable functionalities",
        "vehicle.receivingHopper.raycastNode#index": "Dischargeable functionalities",
        "vehicle.receivingHopper.raycastNode#raycastLength": "Dischargeable functionalities",
        "vehicle.receivingHopper.tipTrigger#index": "Dischargeable functionalities",
        "vehicle.receivingHopper#dischargeInfoIndex": "Dischargeable functionalities",
        "vehicle.receivingHopper#unloadInfoIndex": "Dischargeable functionalities",
        "vehicle.receivingHopper#unloadingDelay": "Dischargeable functionalities",
        "vehicle.reverseDriving.steering#reversedIndex": "vehicle.reverseDriving.steeringWheel#node",
        "vehicle.reverseDriving.steering#reversedNode": "vehicle.reverseDriving.steeringWheel#node",
        "vehicle.reverseLights.reverseLight#decoration": "vehicle.lights.reverseLights.reverseLight#node",
        "vehicle.reverseLights.reverseLight#realLight": "vehicle.lights.realLights.high.reverseLight#node",
        "vehicle.ridgeMarker.ridgeMarker": "vehicle.ridgeMarker.marker",
        "vehicle.ridgeMarkers.ridgeMarker": "vehicle.ridgeMarker.marker",
        "vehicle.ridgeMarkers": "vehicle.ridgeMarker",
        "vehicle.rimColor": "vehicle.wheels.rimColor",
        "vehicle.rollerSound": "vehicle.roller.sounds.work",
        "vehicle.rotateLeftToMax#value": "vehicle.plow.rotateLeftToMax#value",
        "vehicle.rotationPart": "vehicle.plow.rotationPart",
        "vehicle.schemaOverlay.attacherJoint": "vehicle.attacherJoints.attacherJoint.schema",
        "vehicle.schemaOverlay#attacherJointPosition": "vehicle.base.schemaOverlay#attacherJointPosition",
        "vehicle.schemaOverlay#basePosition": "vehicle.base.schemaOverlay#basePosition",
        "vehicle.schemaOverlay#file": false,
        "vehicle.schemaOverlay#fileSelected": false,
        "vehicle.schemaOverlay#fileSelectedTurnedOn" : false,
        "vehicle.schemaOverlay#fileTurnedOn": false,
        "vehicle.schemaOverlay#height": false,
        "vehicle.schemaOverlay#invisibleBorderLeft": "vehicle.base.schemaOverlay#invisibleBorderLeft",
        "vehicle.schemaOverlay#invisibleBorderRight": "vehicle.base.schemaOverlay#invisibleBorderRight",
        "vehicle.schemaOverlay#width": false,
        "vehicle.shovel#pickUpLength": "vehicle.shovel.shovelNode#length",
        "vehicle.shovel#pickUpNeedsToBeTurnedOn": "vehicle.shovel.shovelNode#needsActivation",
        "vehicle.shovel#pickUpNode": "vehicle.shovel.shovelNode#node",
        "vehicle.shovel#pickUpRequiresMovement": "vehicle.shovel.shovelNode#needsMovement",
        "vehicle.shovel#pickUpWidth": "vehicle.shovel.shovelNode#width",
        "vehicle.shovel#pickUpYOffset": false,
        "vehicle.showChangeToolSelectionHelp": false,
        "vehicle.size#length": "vehicle.base.size#length",
        "vehicle.size#lengthOffset": "vehicle.base.size#lengthOffset",
        "vehicle.size#width": "vehicle.base.size#width",
        "vehicle.size#widthOffset": "vehicle.base.size#widthOffset",
        "vehicle.sowingEffects": "vehicle.sowingMachine.effects",
        "vehicle.sowingEffectsWithFixedFillType": "vehicle.sowingMachine.fixedEffects",
        "vehicle.sowingMachine.directionNode#index": "vehicle.sowingMachine.directionNode#node",
        "vehicle.sowingMachine#supportsAiWithoutSowingMachine": "vehicle.turnOnVehicle.aiRequiresTurnOn",
        "vehicle.speedLimit#value": "vehicle.base.speedLimit#value",
        "vehicle.speedRotatingParts.speedRotatingPart(0)#index": "vehicle.speedRotatingParts.speedRotatingPart(0)#node",
        "vehicle.speedRotScale#offset": "vehicle.drivable.speedRotScale#offset",
        "vehicle.speedRotScale#scale": "vehicle.drivable.speedRotScale#scale",
        "vehicle.sprayer#needsTankActivation": false,
        "vehicle.sprayParticles.emitterShape": "vehicle.sprayer.effects.effectNode#effectClass='ParticleEffect'",
        "vehicle.steering#index": "vehicle.drivable.steeringWheel#node",
        "vehicle.steering#node": "vehicle.drivable.steeringWheel#node",
        "vehicle.steeringAxleAngleScale": "vehicle.attachable.steeringAxleAngleScale",
        "vehicle.steeringAxleNode#index": "vehicle.base.steeringAxle#node",
        "vehicle.strawBlower.baleTrigger#index": "vehicle.strawBlower.baleTrigger#node",
        "vehicle.strawBlower.doorAnimation#name": "vehicle.foldable.foldingParts.foldingPart.animationName",
        "vehicle.stumpCutter.emitterShape(0)": "vehicle.stumpCutter.effects.effectNode",
        "vehicle.stumpCutter.particleSystem(0)": "vehicle.stumpCutter.effects.effectNode",
        "vehicle.stumpCutter#cutFullTreeThreshold": "vehicle.stumpCutter.cutNode#cutFullTreeThreshold",
        "vehicle.stumpCutter#cutNode": "vehicle.stumpCutter.cutNode#node",
        "vehicle.stumpCutter#cutPartThreshold": "vehicle.stumpCutter.cutNode#cutPartThreshold",
        "vehicle.stumpCutter#cutSizeY": "vehicle.stumpCutter.cutNode#cutSizeY",
        "vehicle.stumpCutter#cutSizeZ": "vehicle.stumpCutter.cutNode#cutSizeZ",
        "vehicle.stumpCutterIdleSound": "vehicle.stumpCutter.sounds.idle",
        "vehicle.stumpCutterStartSound": "vehicle.stumpCutter.sounds.start",
        "vehicle.stumpCutterStopSound": "vehicle.stumpCutter.sounds.stop",
        "vehicle.stumpCutterWorkSound": "vehicle.stumpCutter.sounds.work",
        "vehicle.support": "vehicle.attachable.support",
        "vehicle.tedder.sounds": "vehicle.turnOnVehicle.sounds.work",
        "vehicle.tipAnimations.tipAnimation": "vehicle.trailer.trailerConfigurations.trailerConfiguration.trailer.tipSide",
        "vehicle.tipOcclusionAreas.tipOcclusionArea": "vehicle.tipOccluder.occlusionArea",
        "vehicle.tipRotationNodes.tipRotationNode": "vehicle.trailer.trailerConfigurations.trailerConfiguration.trailer.tipSide.animationNodes.animationNode",
        "vehicle.tipScrollerNodes.tipScrollerNode": "vehicle.trailer.trailerConfigurations.trailerConfiguration.trailer.tipSide.animationNodes.animationNode",
        "vehicle.toolCameras": "vehicle.attachable.toolCameras",
        "vehicle.topReferenceNode#index": "vehicle.attacherJoint#topReferenceNode",
        "vehicle.transmission": "vehicle.motorized.motorConfigurations.motorConfiguration(?).transmission",
        "vehicle.treePlanterSound": "vehicle.treePlanter.sounds.work",
        "vehicle.treeSaw.cutParticleSystems.emitterShape(0)": "vehicle.treeSaw.effects.effectNode",
        "vehicle.treeSaw.cutSound": "vehicle.treeSaw.sounds.cut",
        "vehicle.treeSaw.sawSound": "vehicle.treeSaw.sounds.saw",
        "vehicle.turnedOnRotationNodes.turnedOnRotationNode#type": "specialization -> .animationNodes.animationNode",
        "vehicle.turnLights.turnLightLeft#decoration": "vehicle.lights.turnLights.turnLightLeft#node",
        "vehicle.turnLights.turnLightLeft#realLight": "vehicle.lights.realLights.high.turnLightLeft#node",
        "vehicle.turnLights.turnLightRight#decoration": "vehicle.lights.turnLights.turnLightRight#node",
        "vehicle.turnLights.turnLightRight#realLight": "vehicle.lights.realLights.high.turnLightRight#node",
        "vehicle.turnOnAnimation#name": "vehicle.turnOnVehicle.turnedAnimation#name",
        "vehicle.turnOnAnimation#speed": "vehicle.turnOnVehicle.turnedAnimation#turnOnSpeedScale",
        "vehicle.turnOnSettings#animationName": "vehicle.turnOnVehicle.turnedAnimation#name",
        "vehicle.turnOnSettings#isAlwaysTurnedOn": "vehicle.turnOnVehicle#isAlwaysTurnedOn",
        "vehicle.turnOnSettings#needsSelection": false,
        "vehicle.turnOnSettings#toggleButton": "vehicle.turnOnVehicle#toggleButton",
        "vehicle.turnOnSettings#turnOffSpeedScale": "vehicle.turnOnVehicle.turnedAnimation#turnOffSpeedScale",
        "vehicle.turnOnSettings#turnOffText": "vehicle.turnOnVehicle#turnOffText",
        "vehicle.turnOnSettings#turnOnSpeedScale": "vehicle.turnOnVehicle.turnedAnimation#turnOnSpeedScale",
        "vehicle.turnOnSettings#turnOnText": "vehicle.turnOnVehicle#turnOnText",
        "vehicle.typeDesc": "vehicle.base.typeDesc",
        "vehicle.useDirectPlanting": "vehicle.sowingMachine.useDirectPlanting#value",
        "vehicle.vehicle.fruitPreparerSound": "vehicle.fruitPreparer.sounds.work",
        "vehicle.wheelConfigurations.wheelConfiguration.wheels.wheel#repr": "vehicle.wheels.wheelConfigurations.wheelConfiguration.wheels.wheel.physics#repr",
        "vehicle.wheelConfigurations.wheelConfiguration": "vehicle.wheels.wheelConfigurations.wheelConfiguration",
        "vehicle.wheels.wheel": "vehicle.wheels.wheelConfigurations.wheelConfiguration.wheels.wheel",
        "vehicle.wheels.wheel#repr": "vehicle.wheels.wheelConfigurations.wheelConfiguration.wheels.wheel.physics#repr",
        "vehicle.wheels.wheelConfigurations.wheelConfiguration.wheels.wheel#configIndex": "vehicle.wheels.wheelConfigurations.wheelConfiguration.wheels.wheel#configId",
        "vehicle.wheels.wheelConfigurations.wheelConfiguration.wheels.wheel#repr": "vehicle.wheels.wheelConfigurations.wheelConfiguration.wheels.wheel.physics#repr",
        "vehicle.windrower.rakes.rake": "vehicle.windrower.animationNodes.animationNode with type 'RotationAnimationSpikes'",
        "vehicle.windrowerParticleSystems": "vehicle.windrower.effects",
        "vehicle.windrowerSound": "vehicle.windrower.sounds.work",
        "vehicle.woodHarvester.cutParticleSystems": "vehicle.woodHarvester.cutEffects",
        "vehicle.woodHarvester.cutSound": "vehicle.woodHarvester.sounds.cut",
        "vehicle.woodHarvester.delimbParticleSystems": "vehicle.woodHarvester.delimbEffects",
        "vehicle.woodHarvester.delimbSound": "vehicle.woodHarvester.sounds.delimb",
        "vehicle.woodHarvester.forwardingWheels.wheel(0)": "vehicle.woodHarvester.forwardingNodes.animationNode",
        "vehicle.woodHarvester.treeSizeMeasure#index": "vehicle.woodHarvester.treeSizeMeasure#node",
        "vehicle.workAreas.workArea(0)#foldMaxLimit": "vehicle.workAreas.workArea(0).folding#maxLimit",
        "vehicle.workAreas.workArea(0)#foldMinLimit": "vehicle.workAreas.workArea(0).folding#minLimit",
        "vehicle.workAreas.workArea(0)#heightIndex": "vehicle.workAreas.workArea(0).area#heightIndex",
        "vehicle.workAreas.workArea(0)#refNodeIndex": "vehicle.workAreas.workArea(0).groundReferenceNode#index",
        "vehicle.workAreas.workArea(0)#startIndex": "vehicle.workAreas.workArea(0).area#startIndex",
        "vehicle.workAreas.workArea(0)#widthIndex": "vehicle.workAreas.workArea(0).area#widthIndex",
        "vehicle.wrapper": "vehicle.baleWrapper",
        "vehicle#consumerConfigurationIndex": "vehicle.motorized.motorConfigurations.motorConfiguration(?)#consumerConfigurationIndex'"
    }
}